{"cameraMode":{"drawMode":0,"name":"Shaded","section":"Shading Mode"},"sceneLighting":true,"audioPlay":false,"sceneViewState":{"m_AlwaysRefresh":false,"showFog":true,"showSkybox":true,"showFlares":true,"showImageEffects":true,"showParticleSystems":true,"showVisualEffectGraphs":true,"m_FxEnabled":true},"in2DMode":false,"pivot":{"x":0.9285323619842529,"y":2.252946376800537,"z":-10.072625160217286},"rotation":{"x":0.06191630661487579,"y":-0.9065741896629334,"z":0.1428454965353012,"w":0.39249876141548159},"size":2.460632562637329,"orthographic":true}