{"cameraMode":{"drawMode":0,"name":"Shaded","section":"Shading Mode"},"sceneLighting":true,"audioPlay":false,"sceneViewState":{"m_AlwaysRefresh":false,"showFog":true,"showSkybox":true,"showFlares":true,"showImageEffects":true,"showParticleSystems":true,"showVisualEffectGraphs":true,"m_FxEnabled":true},"in2DMode":false,"pivot":{"x":3.3198564052581789,"y":2.5053999423980715,"z":-14.98843765258789},"rotation":{"x":0.20918786525726319,"y":0.39822909235954287,"z":-0.09379362314939499,"w":0.888177752494812},"size":19.102445602416993,"orthographic":false}